{
  "hideLayersAfterWidgetClosed": true,
  "labelTasks": "Tareas",
  "labelResults": "Resultados",
  "showFilterLabel": true,
  "criteiraLabel": "Criterios de consulta",
  "spatialFilterLabel": "Filtros espaciales",
  "queries": [
    {
      "url": "",
      "name": "Camaras_AytoMaddrid",
      "icon": {
        "color": [
          0,
          0,
          128,
          128
        ],
        "size": 18,
        "angle": 0,
        "xoffset": 0,
        "yoffset": 0,
        "type": "esriSMS",
        "style": "esriSMSCircle",
        "outline": {
          "color": [
            0,
            0,
            128,
            255
          ],
          "width": 0.75,
          "type": "esriSLS",
          "style": "esriSLSSolid"
        }
      },
      "filter": {
        "logicalOperator": "AND",
        "parts": [],
        "expr": "1=1"
      },
      "showSQL": true,
      "spatialFilter": {
        "currentMapExtent": null,
        "drawing": null,
        "useFeatures": {
          "default": true,
          "relationships": [
            {
              "relationship": "SPATIAL_REL_INTERSECTS",
              "label": "intersecar"
            }
          ],
          "buffer": {
            "defaultDistance": 0,
            "defaultUnit": "MILES"
          }
        },
        "fullLayerExtent": null
      },
      "popupInfo": {
        "readFromWebMap": true
      },
      "orderByFields": [],
      "useLayerSymbol": false,
      "resultsSymbol": {
        "color": [
          0,
          0,
          128,
          128
        ],
        "size": 18,
        "angle": 0,
        "xoffset": 0,
        "yoffset": 0,
        "type": "esriSMS",
        "style": "esriSMSCircle",
        "outline": {
          "color": [
            0,
            0,
            128,
            255
          ],
          "width": 0.75,
          "type": "esriSLS",
          "style": "esriSLSSolid"
        }
      },
      "canModifySymbol": false,
      "enableExport": false,
      "defaultExpand": true,
      "singleResultLayer": true,
      "webMapLayerId": "Camaras_AytoMaddrid_6467",
      "customResultName": true
    }
  ]
}
